<?xml version="1.0" encoding="UTF-8"?>
<project-private xmlns="http://www.netbeans.org/ns/project-private/1">
    <editor-bookmarks xmlns="http://www.netbeans.org/ns/editor-bookmarks/2" lastBookmarkId="0"/>
    <open-files xmlns="http://www.netbeans.org/ns/projectui-open-files/2">
        <group>
            <file>file:/home/anvy/NetBeansProjects/Dobble_Client/src/dobble_client/network/Network.java</file>
            <file>file:/home/anvy/NetBeansProjects/Dobble_Client/src/dobble_client/game/Actions.java</file>
            <file>file:/home/anvy/NetBeansProjects/Dobble_Client/src/dobble_client/Dobble_Client.java</file>
            <file>file:/home/anvy/NetBeansProjects/Dobble_Client/src/dobble_client/gui/GameWindow.java</file>
            <file>file:/home/anvy/NetBeansProjects/Dobble_Client/src/dobble_client/game/MessageProcessor.java</file>
            <file>file:/home/anvy/NetBeansProjects/Dobble_Client/src/dobble_client/network/RecieveThread.java</file>
            <file>file:/home/anvy/NetBeansProjects/Dobble_Client/src/dobble_client/network/ParsedMessage.java</file>
            <file>file:/home/anvy/NetBeansProjects/Dobble_Client/src/dobble_client/gui/ServerWindow.java</file>
            <file>file:/home/anvy/NetBeansProjects/Dobble_Client/src/dobble_client/network/Parser.java</file>
        </group>
    </open-files>
</project-private>
