<?xml version="1.0" encoding="UTF-8"?>
<configurationDescriptor version="100">
  <logicalFolder name="root" displayName="root" projectFiles="true" kind="ROOT">
    <logicalFolder name="HeaderFiles"
                   displayName="Header Files"
                   projectFiles="true">
      <itemPath>card_stack.h</itemPath>
      <itemPath>client.h</itemPath>
      <itemPath>console.h</itemPath>
      <itemPath>constants.h</itemPath>
      <itemPath>dobble_server.h</itemPath>
      <itemPath>game.h</itemPath>
      <itemPath>main.h</itemPath>
      <itemPath>message.h</itemPath>
      <itemPath>network.h</itemPath>
      <itemPath>thread_param.h</itemPath>
    </logicalFolder>
    <logicalFolder name="ResourceFiles"
                   displayName="Resource Files"
                   projectFiles="true">
    </logicalFolder>
    <logicalFolder name="SourceFiles"
                   displayName="Source Files"
                   projectFiles="true">
      <itemPath>card_stack.c</itemPath>
      <itemPath>client.c</itemPath>
      <itemPath>console.c</itemPath>
      <itemPath>dobble_server.c</itemPath>
      <itemPath>game.c</itemPath>
      <itemPath>main.c</itemPath>
      <itemPath>message.c</itemPath>
      <itemPath>network.c</itemPath>
    </logicalFolder>
    <logicalFolder name="TestFiles"
                   displayName="Test Files"
                   projectFiles="false"
                   kind="TEST_LOGICAL_FOLDER">
    </logicalFolder>
    <logicalFolder name="ExternalFiles"
                   displayName="Important Files"
                   projectFiles="false"
                   kind="IMPORTANT_FILES_FOLDER">
      <itemPath>makefile</itemPath>
    </logicalFolder>
  </logicalFolder>
  <projectmakefile>makefile</projectmakefile>
  <confs>
    <conf name="Debug" type="1">
      <toolsSet>
        <compilerSet>default</compilerSet>
        <dependencyChecking>true</dependencyChecking>
        <rebuildPropChanged>false</rebuildPropChanged>
      </toolsSet>
      <compileType>
        <cTool>
          <commandLine>-pthread</commandLine>
        </cTool>
      </compileType>
      <item path="card_stack.c" ex="false" tool="0" flavor2="0">
      </item>
      <item path="card_stack.h" ex="false" tool="3" flavor2="0">
      </item>
      <item path="client.c" ex="false" tool="0" flavor2="0">
      </item>
      <item path="client.h" ex="false" tool="3" flavor2="0">
      </item>
      <item path="console.c" ex="false" tool="0" flavor2="0">
      </item>
      <item path="console.h" ex="false" tool="3" flavor2="0">
      </item>
      <item path="constants.h" ex="false" tool="3" flavor2="0">
      </item>
      <item path="dobble_server.c" ex="false" tool="0" flavor2="0">
      </item>
      <item path="dobble_server.h" ex="false" tool="3" flavor2="0">
      </item>
      <item path="game.c" ex="false" tool="0" flavor2="0">
      </item>
      <item path="game.h" ex="false" tool="3" flavor2="0">
      </item>
      <item path="main.c" ex="false" tool="0" flavor2="0">
      </item>
      <item path="main.h" ex="false" tool="3" flavor2="0">
      </item>
      <item path="message.c" ex="false" tool="0" flavor2="0">
      </item>
      <item path="message.h" ex="false" tool="3" flavor2="0">
      </item>
      <item path="network.c" ex="false" tool="0" flavor2="0">
      </item>
      <item path="network.h" ex="false" tool="3" flavor2="0">
      </item>
      <item path="thread_param.h" ex="false" tool="3" flavor2="0">
      </item>
    </conf>
    <conf name="Release" type="1">
      <toolsSet>
        <compilerSet>default</compilerSet>
        <dependencyChecking>true</dependencyChecking>
        <rebuildPropChanged>false</rebuildPropChanged>
      </toolsSet>
      <compileType>
        <cTool>
          <developmentMode>5</developmentMode>
        </cTool>
        <ccTool>
          <developmentMode>5</developmentMode>
        </ccTool>
        <fortranCompilerTool>
          <developmentMode>5</developmentMode>
        </fortranCompilerTool>
        <asmTool>
          <developmentMode>5</developmentMode>
        </asmTool>
      </compileType>
      <item path="card_stack.c" ex="false" tool="0" flavor2="0">
      </item>
      <item path="card_stack.h" ex="false" tool="3" flavor2="0">
      </item>
      <item path="client.c" ex="false" tool="0" flavor2="0">
      </item>
      <item path="client.h" ex="false" tool="3" flavor2="0">
      </item>
      <item path="console.c" ex="false" tool="0" flavor2="0">
      </item>
      <item path="console.h" ex="false" tool="3" flavor2="0">
      </item>
      <item path="constants.h" ex="false" tool="3" flavor2="0">
      </item>
      <item path="dobble_server.c" ex="false" tool="0" flavor2="0">
      </item>
      <item path="dobble_server.h" ex="false" tool="3" flavor2="0">
      </item>
      <item path="game.c" ex="false" tool="0" flavor2="0">
      </item>
      <item path="game.h" ex="false" tool="3" flavor2="0">
      </item>
      <item path="main.c" ex="false" tool="0" flavor2="0">
      </item>
      <item path="main.h" ex="false" tool="3" flavor2="0">
      </item>
      <item path="message.c" ex="false" tool="0" flavor2="0">
      </item>
      <item path="message.h" ex="false" tool="3" flavor2="0">
      </item>
      <item path="network.c" ex="false" tool="0" flavor2="0">
      </item>
      <item path="network.h" ex="false" tool="3" flavor2="0">
      </item>
      <item path="thread_param.h" ex="false" tool="3" flavor2="0">
      </item>
    </conf>
  </confs>
</configurationDescriptor>
